<DENetworkDataset xsi:type='typens:DENetworkDataset' xmlns:xsi='http://www.w3.org/2001/XMLSchema-instance' xmlns:xs='http://www.w3.org/2001/XMLSchema' xmlns:typens='http://www.esri.com/schemas/ArcGIS/10.6'><CatalogPath>/FD=Bikeshare/ND=Bikeshare_ND</CatalogPath><Name>Bikeshare_ND</Name><ChildrenExpanded>false</ChildrenExpanded><DatasetType>esriDTNetworkDataset</DatasetType><DSID>11</DSID><Versioned>false</Versioned><CanVersion>false</CanVersion><ConfigurationKeyword></ConfigurationKeyword><Extent xsi:type='typens:EnvelopeN'><XMin>293568.68300000019</XMin><YMin>4826698.3269999996</YMin><XMax>335522.97599999979</XMax><YMax>4857106.6750000007</YMax><SpatialReference xsi:type='typens:ProjectedCoordinateSystem'><WKT>PROJCS[&quot;NAD27_MTM_zone_10&quot;,GEOGCS[&quot;GCS_North_American_1927&quot;,DATUM[&quot;D_North_American_1927&quot;,SPHEROID[&quot;Clarke_1866&quot;,6378206.4,294.9786982]],PRIMEM[&quot;Greenwich&quot;,0.0],UNIT[&quot;Degree&quot;,0.0174532925199433]],PROJECTION[&quot;Transverse_Mercator&quot;],PARAMETER[&quot;False_Easting&quot;,304800.0],PARAMETER[&quot;False_Northing&quot;,0.0],PARAMETER[&quot;Central_Meridian&quot;,-79.5],PARAMETER[&quot;Scale_Factor&quot;,0.9999],PARAMETER[&quot;Latitude_Of_Origin&quot;,0.0],UNIT[&quot;Meter&quot;,1.0],AUTHORITY[&quot;EPSG&quot;,7991]]</WKT><XOrigin>-5317900</XOrigin><YOrigin>-10001000</YOrigin><XYScale>10000</XYScale><ZOrigin>-100000</ZOrigin><ZScale>10000</ZScale><MOrigin>-100000</MOrigin><MScale>10000</MScale><XYTolerance>0.001</XYTolerance><ZTolerance>0.001</ZTolerance><MTolerance>0.001</MTolerance><HighPrecision>true</HighPrecision><WKID>7991</WKID><LatestWKID>7991</LatestWKID></SpatialReference></Extent><SpatialReference xsi:type='typens:ProjectedCoordinateSystem'><WKT>PROJCS[&quot;NAD27_MTM_zone_10&quot;,GEOGCS[&quot;GCS_North_American_1927&quot;,DATUM[&quot;D_North_American_1927&quot;,SPHEROID[&quot;Clarke_1866&quot;,6378206.4,294.9786982]],PRIMEM[&quot;Greenwich&quot;,0.0],UNIT[&quot;Degree&quot;,0.0174532925199433]],PROJECTION[&quot;Transverse_Mercator&quot;],PARAMETER[&quot;False_Easting&quot;,304800.0],PARAMETER[&quot;False_Northing&quot;,0.0],PARAMETER[&quot;Central_Meridian&quot;,-79.5],PARAMETER[&quot;Scale_Factor&quot;,0.9999],PARAMETER[&quot;Latitude_Of_Origin&quot;,0.0],UNIT[&quot;Meter&quot;,1.0],AUTHORITY[&quot;EPSG&quot;,7991]]</WKT><XOrigin>-5317900</XOrigin><YOrigin>-10001000</YOrigin><XYScale>10000</XYScale><ZOrigin>-100000</ZOrigin><ZScale>10000</ZScale><MOrigin>-100000</MOrigin><MScale>10000</MScale><XYTolerance>0.001</XYTolerance><ZTolerance>0.001</ZTolerance><MTolerance>0.001</MTolerance><HighPrecision>true</HighPrecision><WKID>7991</WKID><LatestWKID>7991</LatestWKID></SpatialReference><LogicalNetworkName>Bikeshare_ND</LogicalNetworkName><NetworkType>1</NetworkType><Buildable>true</Buildable><SupportsTurns>true</SupportsTurns><NetworkDirections xsi:type='typens:NetworkDirections'><DefaultOutputLengthUnits>esriNAUMiles</DefaultOutputLengthUnits><LengthAttributeName>Length</LengthAttributeName><TimeAttributeName>Time</TimeAttributeName><RoadClassAttributeName></RoadClassAttributeName><SignpostFeatureClassName></SignpostFeatureClassName><SignpostStreetsTableName></SignpostStreetsTableName></NetworkDirections><Properties xsi:type='typens:PropertySet'><PropertyArray xsi:type='typens:ArrayOfPropertySetProperty'><PropertySetProperty xsi:type='typens:PropertySetProperty'><Key>ServiceAreaSolverIndex</Key><Value xsi:type='typens:PropertySet'><PropertyArray xsi:type='typens:ArrayOfPropertySetProperty'><PropertySetProperty xsi:type='typens:PropertySetProperty'><Key>TS1 meters</Key><Value xsi:type='xs:double'>25</Value></PropertySetProperty><PropertySetProperty xsi:type='typens:PropertySetProperty'><Key>TS1 native</Key><Value xsi:type='xs:double'>25</Value></PropertySetProperty><PropertySetProperty xsi:type='typens:PropertySetProperty'><Key>TS2 meters</Key><Value xsi:type='xs:double'>5</Value></PropertySetProperty><PropertySetProperty xsi:type='typens:PropertySetProperty'><Key>TS2 native</Key><Value xsi:type='xs:double'>5</Value></PropertySetProperty><PropertySetProperty xsi:type='typens:PropertySetProperty'><Key>IndexedAreaXMin</Key><Value xsi:type='xs:double'>-5368405051.3170004</Value></PropertySetProperty><PropertySetProperty xsi:type='typens:PropertySetProperty'><Key>IndexedAreaYMin</Key><Value xsi:type='xs:double'>-5363874806.6730003</Value></PropertySetProperty><PropertySetProperty xsi:type='typens:PropertySetProperty'><Key>IndexedAreaXMax</Key><Value xsi:type='xs:double'>5369034142.9759998</Value></PropertySetProperty><PropertySetProperty xsi:type='typens:PropertySetProperty'><Key>IndexedAreaYMax</Key><Value xsi:type='xs:double'>5373558611.6750002</Value></PropertySetProperty><PropertySetProperty xsi:type='typens:PropertySetProperty'><Key>BLOBFields</Key><Value xsi:type='xs:string'>TS1,TS2</Value></PropertySetProperty></PropertyArray></Value></PropertySetProperty><PropertySetProperty xsi:type='typens:PropertySetProperty'><Key>NetworkTravelModes</Key><Value xsi:type='typens:PropertySet'><PropertyArray xsi:type='typens:ArrayOfPropertySetProperty'><PropertySetProperty xsi:type='typens:PropertySetProperty'><Key>TravelModeCount</Key><Value xsi:type='xs:int'>1</Value></PropertySetProperty><PropertySetProperty xsi:type='typens:PropertySetProperty'><Key>TravelMode0</Key><Value xsi:type='xs:string'>{&quot;name&quot;:&quot;Bicycle&quot;,&quot;type&quot;:&quot;OTHER&quot;,&quot;description&quot;:&quot;Toronto Bikeshare travel routes.&quot;,&quot;impedanceAttributeName&quot;:&quot;Time&quot;,&quot;timeAttributeName&quot;:&quot;Time&quot;,&quot;distanceAttributeName&quot;:&quot;Length&quot;,&quot;restrictionAttributeNames&quot;:[],&quot;attributeParameterValues&quot;:[],&quot;useHierarchy&quot;:false,&quot;uturnAtJunctions&quot;:&quot;esriNFSBAllowBacktrack&quot;,&quot;simplificationTolerance&quot;:null,&quot;simplificationToleranceUnits&quot;:&quot;esriUnknownUnits&quot;}</Value></PropertySetProperty><PropertySetProperty xsi:type='typens:PropertySetProperty'><Key>DefaultTravelModeName</Key><Value xsi:type='xs:string'>Bicycle</Value></PropertySetProperty></PropertyArray></Value></PropertySetProperty></PropertyArray></Properties><UserData xsi:nil='true'/><EdgeFeatureSources xsi:type='typens:ArrayOfEdgeFeatureSource'><EdgeFeatureSource xsi:type='typens:EdgeFeatureSource'><ID>1</ID><ClassID>7</ClassID><Name>Bikeways_Split</Name><ElementType>esriNETEdge</ElementType><Properties xsi:nil='true'/><NetworkSourceDirections xsi:type='typens:NetworkSourceDirections'><AdminAreaFieldName></AdminAreaFieldName><Shields xsi:nil='true'/><StreetNameFields xsi:type='typens:ArrayOfStreetNameFields'><StreetNameFields xsi:type='typens:StreetNameFields'><PrefixDirectionFieldName></PrefixDirectionFieldName><PrefixTypeFieldName></PrefixTypeFieldName><StreetNameFieldName>LF_NAME</StreetNameFieldName><SuffixDirectionsFieldName></SuffixDirectionsFieldName><SuffixTypeFieldName></SuffixTypeFieldName><Priority>1</Priority><HighwayDirectionFieldName></HighwayDirectionFieldName><LanguageFieldName></LanguageFieldName><FullNameFieldName></FullNameFieldName></StreetNameFields></StreetNameFields></NetworkSourceDirections><FromElevationFieldName></FromElevationFieldName><ToElevationFieldName></ToElevationFieldName><Connectivity xsi:type='typens:PropertySet'><PropertyArray xsi:type='typens:ArrayOfPropertySetProperty'><PropertySetProperty xsi:type='typens:PropertySetProperty'><Key>Version</Key><Value xsi:type='xs:short'>1</Value></PropertySetProperty><PropertySetProperty xsi:type='typens:PropertySetProperty'><Key>UsesSubtypes</Key><Value xsi:type='xs:short'>0</Value></PropertySetProperty><PropertySetProperty xsi:type='typens:PropertySetProperty'><Key>ClassConnectivity</Key><Value xsi:type='xs:short'>1</Value></PropertySetProperty><PropertySetProperty xsi:type='typens:PropertySetProperty'><Key>SubtypeConnCount</Key><Value xsi:type='xs:int'>0</Value></PropertySetProperty><PropertySetProperty xsi:type='typens:PropertySetProperty'><Key>DefaultGroup</Key><Value xsi:type='xs:int'>1</Value></PropertySetProperty><PropertySetProperty xsi:type='typens:PropertySetProperty'><Key>GroupCount</Key><Value xsi:type='xs:int'>0</Value></PropertySetProperty></PropertyArray></Connectivity></EdgeFeatureSource></EdgeFeatureSources><JunctionFeatureSources xsi:type='typens:ArrayOfJunctionFeatureSource'><JunctionFeatureSource xsi:type='typens:JunctionFeatureSource'><ID>2</ID><ClassID>5</ClassID><Name>Bike_Stations</Name><ElementType>esriNETJunction</ElementType><Properties xsi:nil='true'/><NetworkSourceDirections xsi:type='typens:NetworkSourceDirections'><AdminAreaFieldName></AdminAreaFieldName><Shields xsi:nil='true'/><StreetNameFields xsi:type='typens:ArrayOfStreetNameFields'><StreetNameFields xsi:type='typens:StreetNameFields'><PrefixDirectionFieldName></PrefixDirectionFieldName><PrefixTypeFieldName></PrefixTypeFieldName><StreetNameFieldName>name</StreetNameFieldName><SuffixDirectionsFieldName></SuffixDirectionsFieldName><SuffixTypeFieldName></SuffixTypeFieldName><Priority>1</Priority><HighwayDirectionFieldName></HighwayDirectionFieldName><LanguageFieldName></LanguageFieldName><FullNameFieldName></FullNameFieldName></StreetNameFields></StreetNameFields></NetworkSourceDirections><ElevationFieldName></ElevationFieldName><Connectivity xsi:type='typens:PropertySet'><PropertyArray xsi:type='typens:ArrayOfPropertySetProperty'><PropertySetProperty xsi:type='typens:PropertySetProperty'><Key>Version</Key><Value xsi:type='xs:short'>1</Value></PropertySetProperty><PropertySetProperty xsi:type='typens:PropertySetProperty'><Key>UsesSubtypes</Key><Value xsi:type='xs:short'>0</Value></PropertySetProperty><PropertySetProperty xsi:type='typens:PropertySetProperty'><Key>ClassConnectivity</Key><Value xsi:type='xs:short'>0</Value></PropertySetProperty><PropertySetProperty xsi:type='typens:PropertySetProperty'><Key>SubtypeConnCount</Key><Value xsi:type='xs:int'>0</Value></PropertySetProperty><PropertySetProperty xsi:type='typens:PropertySetProperty'><Key>ClassGroupsCount</Key><Value xsi:type='xs:int'>1</Value></PropertySetProperty><PropertySetProperty xsi:type='typens:PropertySetProperty'><Key>ClassGroupName0</Key><Value xsi:type='xs:int'>1</Value></PropertySetProperty><PropertySetProperty xsi:type='typens:PropertySetProperty'><Key>SubtypeGroupCount</Key><Value xsi:type='xs:int'>0</Value></PropertySetProperty></PropertyArray></Connectivity></JunctionFeatureSource></JunctionFeatureSources><SystemJunctionSources xsi:type='typens:ArrayOfSystemJunctionSource'><SystemJunctionSource xsi:type='typens:SystemJunctionSource'><ID>3</ID><ClassID>10</ClassID><Name>Bikeshare_ND_Junctions</Name><ElementType>esriNETJunction</ElementType><Properties xsi:nil='true'/><ElevationFieldName></ElevationFieldName></SystemJunctionSource></SystemJunctionSources><TurnFeatureSources xsi:type='typens:ArrayOfTurnFeatureSource'></TurnFeatureSources><EvaluatedNetworkAttributes xsi:type='typens:ArrayOfEvaluatedNetworkAttribute'><EvaluatedNetworkAttribute xsi:type='typens:EvaluatedNetworkAttribute'><ID>1</ID><Name>Length</Name><Units>Meters</Units><DataType>esriNADTDouble</DataType><UsageType>esriNAUTCost</UsageType><UserData xsi:nil='true'/><UseByDefault>false</UseByDefault><AttributeParameters xsi:type='typens:ArrayOfNetworkAttributeParameter'></AttributeParameters><TimeAware>false</TimeAware></EvaluatedNetworkAttribute><EvaluatedNetworkAttribute xsi:type='typens:EvaluatedNetworkAttribute'><ID>2</ID><Name>Time</Name><Units>Minutes</Units><DataType>esriNADTDouble</DataType><UsageType>esriNAUTCost</UsageType><UserData xsi:nil='true'/><UseByDefault>true</UseByDefault><AttributeParameters xsi:type='typens:ArrayOfNetworkAttributeParameter'></AttributeParameters><TimeAware>false</TimeAware></EvaluatedNetworkAttribute></EvaluatedNetworkAttributes><NetworkAssignments xsi:type='typens:ArrayOfNetworkAssignment'><NetworkAssignment xsi:type='typens:NetworkAssignment'><IsDefault>true</IsDefault><ID>-1</ID><NetworkAttributeName>Length</NetworkAttributeName><NetworkElementType>esriNETJunction</NetworkElementType><NetworkEvaluatorCLSID>{318C4B91-F5D2-467A-996C-0AB51B0D8FF2}</NetworkEvaluatorCLSID><NetworkEdgeDirection>esriNEDNone</NetworkEdgeDirection><NetworkEvaluatorData xsi:type='typens:PropertySet'><PropertyArray xsi:type='typens:ArrayOfPropertySetProperty'><PropertySetProperty xsi:type='typens:PropertySetProperty'><Key>Version</Key><Value xsi:type='xs:short'>1</Value></PropertySetProperty><PropertySetProperty xsi:type='typens:PropertySetProperty'><Key>ConstantValue</Key><Value xsi:type='xs:double'>0</Value></PropertySetProperty></PropertyArray></NetworkEvaluatorData></NetworkAssignment><NetworkAssignment xsi:type='typens:NetworkAssignment'><IsDefault>true</IsDefault><ID>-1</ID><NetworkAttributeName>Length</NetworkAttributeName><NetworkElementType>esriNETEdge</NetworkElementType><NetworkEvaluatorCLSID>{318C4B91-F5D2-467A-996C-0AB51B0D8FF2}</NetworkEvaluatorCLSID><NetworkEdgeDirection>esriNEDNone</NetworkEdgeDirection><NetworkEvaluatorData xsi:type='typens:PropertySet'><PropertyArray xsi:type='typens:ArrayOfPropertySetProperty'><PropertySetProperty xsi:type='typens:PropertySetProperty'><Key>Version</Key><Value xsi:type='xs:short'>1</Value></PropertySetProperty><PropertySetProperty xsi:type='typens:PropertySetProperty'><Key>ConstantValue</Key><Value xsi:type='xs:double'>0</Value></PropertySetProperty></PropertyArray></NetworkEvaluatorData></NetworkAssignment><NetworkAssignment xsi:type='typens:NetworkAssignment'><IsDefault>true</IsDefault><ID>-1</ID><NetworkAttributeName>Length</NetworkAttributeName><NetworkElementType>esriNETTurn</NetworkElementType><NetworkEvaluatorCLSID>{318C4B91-F5D2-467A-996C-0AB51B0D8FF2}</NetworkEvaluatorCLSID><NetworkEdgeDirection>esriNEDNone</NetworkEdgeDirection><NetworkEvaluatorData xsi:type='typens:PropertySet'><PropertyArray xsi:type='typens:ArrayOfPropertySetProperty'><PropertySetProperty xsi:type='typens:PropertySetProperty'><Key>Version</Key><Value xsi:type='xs:short'>1</Value></PropertySetProperty><PropertySetProperty xsi:type='typens:PropertySetProperty'><Key>ConstantValue</Key><Value xsi:type='xs:double'>0</Value></PropertySetProperty></PropertyArray></NetworkEvaluatorData></NetworkAssignment><NetworkAssignment xsi:type='typens:NetworkAssignment'><IsDefault>false</IsDefault><ID>-1</ID><NetworkAttributeName>Length</NetworkAttributeName><NetworkSourceName>Bikeways_Split</NetworkSourceName><NetworkEvaluatorCLSID>{68055FC4-37D5-4BD0-81A5-CD177A29759C}</NetworkEvaluatorCLSID><NetworkEdgeDirection>esriNEDAlongDigitized</NetworkEdgeDirection><NetworkEvaluatorData xsi:type='typens:PropertySet'><PropertyArray xsi:type='typens:ArrayOfPropertySetProperty'><PropertySetProperty xsi:type='typens:PropertySetProperty'><Key>Version</Key><Value xsi:type='xs:short'>1</Value></PropertySetProperty><PropertySetProperty xsi:type='typens:PropertySetProperty'><Key>Expression</Key><Value xsi:type='xs:string'>[Shape]</Value></PropertySetProperty><PropertySetProperty xsi:type='typens:PropertySetProperty'><Key>PreLogic</Key><Value xsi:type='xs:string'></Value></PropertySetProperty></PropertyArray></NetworkEvaluatorData></NetworkAssignment><NetworkAssignment xsi:type='typens:NetworkAssignment'><IsDefault>false</IsDefault><ID>-1</ID><NetworkAttributeName>Length</NetworkAttributeName><NetworkSourceName>Bikeways_Split</NetworkSourceName><NetworkEvaluatorCLSID>{68055FC4-37D5-4BD0-81A5-CD177A29759C}</NetworkEvaluatorCLSID><NetworkEdgeDirection>esriNEDAgainstDigitized</NetworkEdgeDirection><NetworkEvaluatorData xsi:type='typens:PropertySet'><PropertyArray xsi:type='typens:ArrayOfPropertySetProperty'><PropertySetProperty xsi:type='typens:PropertySetProperty'><Key>Version</Key><Value xsi:type='xs:short'>1</Value></PropertySetProperty><PropertySetProperty xsi:type='typens:PropertySetProperty'><Key>Expression</Key><Value xsi:type='xs:string'>[Shape]</Value></PropertySetProperty><PropertySetProperty xsi:type='typens:PropertySetProperty'><Key>PreLogic</Key><Value xsi:type='xs:string'></Value></PropertySetProperty></PropertyArray></NetworkEvaluatorData></NetworkAssignment><NetworkAssignment xsi:type='typens:NetworkAssignment'><IsDefault>true</IsDefault><ID>-1</ID><NetworkAttributeName>Time</NetworkAttributeName><NetworkElementType>esriNETJunction</NetworkElementType><NetworkEvaluatorCLSID>{318C4B91-F5D2-467A-996C-0AB51B0D8FF2}</NetworkEvaluatorCLSID><NetworkEdgeDirection>esriNEDNone</NetworkEdgeDirection><NetworkEvaluatorData xsi:type='typens:PropertySet'><PropertyArray xsi:type='typens:ArrayOfPropertySetProperty'><PropertySetProperty xsi:type='typens:PropertySetProperty'><Key>Version</Key><Value xsi:type='xs:short'>1</Value></PropertySetProperty><PropertySetProperty xsi:type='typens:PropertySetProperty'><Key>ConstantValue</Key><Value xsi:type='xs:double'>0</Value></PropertySetProperty></PropertyArray></NetworkEvaluatorData></NetworkAssignment><NetworkAssignment xsi:type='typens:NetworkAssignment'><IsDefault>true</IsDefault><ID>-1</ID><NetworkAttributeName>Time</NetworkAttributeName><NetworkElementType>esriNETEdge</NetworkElementType><NetworkEvaluatorCLSID>{318C4B91-F5D2-467A-996C-0AB51B0D8FF2}</NetworkEvaluatorCLSID><NetworkEdgeDirection>esriNEDNone</NetworkEdgeDirection><NetworkEvaluatorData xsi:type='typens:PropertySet'><PropertyArray xsi:type='typens:ArrayOfPropertySetProperty'><PropertySetProperty xsi:type='typens:PropertySetProperty'><Key>Version</Key><Value xsi:type='xs:short'>1</Value></PropertySetProperty><PropertySetProperty xsi:type='typens:PropertySetProperty'><Key>ConstantValue</Key><Value xsi:type='xs:double'>0</Value></PropertySetProperty></PropertyArray></NetworkEvaluatorData></NetworkAssignment><NetworkAssignment xsi:type='typens:NetworkAssignment'><IsDefault>true</IsDefault><ID>-1</ID><NetworkAttributeName>Time</NetworkAttributeName><NetworkElementType>esriNETTurn</NetworkElementType><NetworkEvaluatorCLSID>{318C4B91-F5D2-467A-996C-0AB51B0D8FF2}</NetworkEvaluatorCLSID><NetworkEdgeDirection>esriNEDNone</NetworkEdgeDirection><NetworkEvaluatorData xsi:type='typens:PropertySet'><PropertyArray xsi:type='typens:ArrayOfPropertySetProperty'><PropertySetProperty xsi:type='typens:PropertySetProperty'><Key>Version</Key><Value xsi:type='xs:short'>1</Value></PropertySetProperty><PropertySetProperty xsi:type='typens:PropertySetProperty'><Key>ConstantValue</Key><Value xsi:type='xs:double'>0</Value></PropertySetProperty></PropertyArray></NetworkEvaluatorData></NetworkAssignment><NetworkAssignment xsi:type='typens:NetworkAssignment'><IsDefault>false</IsDefault><ID>-1</ID><NetworkAttributeName>Time</NetworkAttributeName><NetworkSourceName>Bikeways_Split</NetworkSourceName><NetworkEvaluatorCLSID>{68055FC4-37D5-4BD0-81A5-CD177A29759C}</NetworkEvaluatorCLSID><NetworkEdgeDirection>esriNEDAlongDigitized</NetworkEdgeDirection><NetworkEvaluatorData xsi:type='typens:PropertySet'><PropertyArray xsi:type='typens:ArrayOfPropertySetProperty'><PropertySetProperty xsi:type='typens:PropertySetProperty'><Key>Version</Key><Value xsi:type='xs:short'>1</Value></PropertySetProperty><PropertySetProperty xsi:type='typens:PropertySetProperty'><Key>Expression</Key><Value xsi:type='xs:string'>[TIME_MIN]</Value></PropertySetProperty><PropertySetProperty xsi:type='typens:PropertySetProperty'><Key>PreLogic</Key><Value xsi:type='xs:string'></Value></PropertySetProperty></PropertyArray></NetworkEvaluatorData></NetworkAssignment><NetworkAssignment xsi:type='typens:NetworkAssignment'><IsDefault>false</IsDefault><ID>-1</ID><NetworkAttributeName>Time</NetworkAttributeName><NetworkSourceName>Bikeways_Split</NetworkSourceName><NetworkEvaluatorCLSID>{68055FC4-37D5-4BD0-81A5-CD177A29759C}</NetworkEvaluatorCLSID><NetworkEdgeDirection>esriNEDAgainstDigitized</NetworkEdgeDirection><NetworkEvaluatorData xsi:type='typens:PropertySet'><PropertyArray xsi:type='typens:ArrayOfPropertySetProperty'><PropertySetProperty xsi:type='typens:PropertySetProperty'><Key>Version</Key><Value xsi:type='xs:short'>1</Value></PropertySetProperty><PropertySetProperty xsi:type='typens:PropertySetProperty'><Key>Expression</Key><Value xsi:type='xs:string'>[TIME_MIN]</Value></PropertySetProperty><PropertySetProperty xsi:type='typens:PropertySetProperty'><Key>PreLogic</Key><Value xsi:type='xs:string'></Value></PropertySetProperty></PropertyArray></NetworkEvaluatorData></NetworkAssignment></NetworkAssignments><HierarchyMaxValues xsi:type='typens:ArrayOfInt'></HierarchyMaxValues><NetworkElevationModel>0</NetworkElevationModel><LogicalNetworkID>1</LogicalNetworkID><SchemaGeneration>4</SchemaGeneration><BuildTime>1542721859</BuildTime></DENetworkDataset>