{
  "links": {
    "bike_json_addr": "https://tor.publicbikesystem.net/ube/gbfs/v1/",
    "bikelane_data_url": "http://opendata.toronto.ca/gcc/bikeways_mtm3.zip"
  },
  "directories": {
    "project_dir": "C:/Bikeshare",
    "save_dir": "C:/Bikeshare/maps"
  },
  "filenames": {
    "map_save_name": "Map_4",
    "direction_save_name": "Directions_4"
  },
  "layer_files": {
    "basemap": "C:/Bikeshare/OpenStreetMap.lyr"
  },
  "locations": {
    "pt_1": {
      "lon": -79.384847,
      "lat": 43.642784
    },
    "pt_2": {
      "lon": -79.397206,
      "lat": 43.662470
    },
    "pt_3": {
      "lon": -79.353690,
      "lat": 43.667810
    },
    "pt_4": {
      "lon": -79.383130,
      "lat": 43.642100
    }
  }

}