{
  "links": {
    "bike_json_addr": "https://tor.publicbikesystem.net/ube/gbfs/v1/",
    "bikelane_data_url": "http://opendata.toronto.ca/gcc/bikeways_mtm3.zip"
  },
  "directories": {
    "project_dir": "C:/Bikeshare",
    "save_dir": "C:/Bikeshare/maps"
  },
  "filenames": {
    "map_save_name": "Map_2",
    "direction_save_name": "Directions_2"
  },
  "layer_files": {
    "basemap": "C:/Bikeshare/OpenStreetMap.lyr"
  },
  "locations": {
    "pt_1": {
      "lon": -79.385104,
      "lat": 43.679294
    },
    "pt_2": {
      "lon": -79.357381,
      "lat": 43.651789
    }
  }

}